Ticker,Date,Open,High,Low,Close,Adj Close,Volume
MRNA,12/7/2018,22,22.75,18.51,18.6,18.6,12995600
MRNA,12/10/2018,18.9,19.438999,18,18.799999,18.799999,4233300
MRNA,12/11/2018,20.549999,20.66,17.99,18.01,18.01,3435300
MRNA,12/12/2018,18.549999,19.48,18.02,18.68,18.68,2590700
MRNA,12/13/2018,19.25,19.290001,18.68,18.76,18.76,1608600
MRNA,12/14/2018,18.75,18.881001,18.25,18.32,18.32,746300
MRNA,12/17/2018,18.33,18.469999,16.9,17,17,1580800
MRNA,12/18/2018,17.1,17.25,16.25,17,17,1621600
MRNA,12/19/2018,16.860001,17.370001,16,16.18,16.18,941500
MRNA,12/20/2018,16,16.139999,14.75,15.5,15.5,2365200
MRNA,12/21/2018,15.4,15.5,13.95,14.47,14.47,2063000
MRNA,12/24/2018,14.32,14.32,13.75,14.03,14.03,665400
MRNA,12/26/2018,14.15,14.31,13.03,13.52,13.52,1817800
MRNA,12/27/2018,13.49,14.95,13.27,14.65,14.65,1769500
MRNA,12/28/2018,14.72,14.85,13.818,14.15,14.15,929100
MRNA,12/31/2018,14.24,15.3,14.213,15.27,15.27,994700
MRNA,1/2/2019,14.93,15.45,14.51,15.33,15.33,2318100
MRNA,1/3/2019,15.49,16.08,15.2,15.5,15.5,1588900
MRNA,1/4/2019,16,17.5,15.894,16.959999,16.959999,1651800
MRNA,1/7/2019,17.540001,17.940001,16.18,16.27,16.27,1585400
MRNA,1/8/2019,17.35,17.468,16.049999,16.950001,16.950001,1892700
MRNA,1/9/2019,17.200001,17.25,16.15,16.33,16.33,1187400
MRNA,1/10/2019,16.360001,16.51,16,16.48,16.48,487300
MRNA,1/11/2019,16.6,17.059999,16.530001,17,17,580600
MRNA,1/14/2019,17,17.059999,16.719999,16.74,16.74,612900
MRNA,1/15/2019,17,17,16.41,16.59,16.59,468100
MRNA,1/16/2019,16.799999,16.950001,16.26,16.26,16.26,272800
MRNA,1/17/2019,16.049999,16.530001,16.049999,16.309999,16.309999,315700
MRNA,1/18/2019,16.459999,16.799999,16.25,16.690001,16.690001,630000
MRNA,1/22/2019,16.620001,16.635,15.35,15.56,15.56,636900
MRNA,1/23/2019,15.59,15.92,14.76,14.79,14.79,652600
MRNA,1/24/2019,14.9,15.195,14.64,14.64,14.64,452900
MRNA,1/25/2019,14.8,14.92,14.4,14.91,14.91,942200
MRNA,1/28/2019,14.84,14.84,14.45,14.45,14.45,656500
MRNA,1/29/2019,14.46,14.875,14.45,14.63,14.63,592800
MRNA,1/30/2019,14.72,15.545,14.65,15.13,15.13,758900
MRNA,1/31/2019,15.24,17.48,15.24,16.6,16.6,2259200
MRNA,2/1/2019,16.799999,17.007999,15.9,16.219999,16.219999,617200
MRNA,2/4/2019,16.219999,16.49,15.95,16.27,16.27,297800
MRNA,2/5/2019,16.290001,17.49,16.208,17.18,17.18,652700
MRNA,2/6/2019,17.25,18.389999,17.110001,18.139999,18.139999,1015900
MRNA,2/7/2019,17.950001,18.068001,17.040001,17.049999,17.049999,527600
MRNA,2/8/2019,17.1,18.15,17.1,17.99,17.99,685700
MRNA,2/11/2019,17.99,18.646,17.750999,18.17,18.17,597900
MRNA,2/12/2019,18.209999,18.76,17.6,18.690001,18.690001,753100
MRNA,2/13/2019,18.99,19.219999,18.299999,18.530001,18.530001,1333500
MRNA,2/14/2019,18.639999,19.959999,18.629999,19.66,19.66,1091400
MRNA,2/15/2019,19.940001,21.466999,19.700001,21.440001,21.440001,2087400
MRNA,2/19/2019,21.51,21.513,20.049999,20.83,20.83,1204700
MRNA,2/20/2019,21.120001,21.24,19.129999,19.92,19.92,1159900
MRNA,2/21/2019,19.74,19.98,18.879999,19.34,19.34,822600
MRNA,2/22/2019,19.35,20.040001,19.35,19.879999,19.879999,567600
MRNA,2/25/2019,20.540001,22.299999,19.83,21.65,21.65,1917900
MRNA,2/26/2019,21.6,24.4,21.559999,23.700001,23.700001,2522800
MRNA,2/27/2019,23.370001,23.83,21.530001,22.1,22.1,1553000
MRNA,2/28/2019,22.450001,23.030001,22.049999,22.6,22.6,511000
MRNA,3/1/2019,23.09,23.389999,21.639999,22.27,22.27,867000
MRNA,3/4/2019,22.469999,22.799999,20.52,21.120001,21.120001,1134100
MRNA,3/5/2019,21.18,21.49,20.290001,21.370001,21.370001,1086400
MRNA,3/6/2019,21.4,22.049999,20.059999,20.65,20.65,1061000
MRNA,3/7/2019,20.42,21.155001,19.612,20.59,20.59,1018100
MRNA,3/8/2019,20.370001,21.08,19.9,20.93,20.93,631100
MRNA,3/11/2019,20.99,20.99,19.969999,20.43,20.43,915400
MRNA,3/12/2019,20.52,20.889999,19.120001,19.26,19.26,1627600
MRNA,3/13/2019,19.299999,20.254999,19.23,19.969999,19.969999,756500
MRNA,3/14/2019,19.92,21,19.92,20.82,20.82,883600
MRNA,3/15/2019,20.99,22.190001,20.889999,21.82,21.82,2686600
MRNA,3/18/2019,21.74,22.219999,21.219999,22.18,22.18,1245600
MRNA,3/19/2019,22.469999,22.6,20.18,20.35,20.35,976100
MRNA,3/20/2019,20.41,20.98,19.9,20,20,985000
MRNA,3/21/2019,20,20.25,19.209999,19.34,19.34,860500
MRNA,3/22/2019,19.379999,19.700001,18.75,19,19,579500
MRNA,3/25/2019,19,19.59,18.209999,19.4,19.4,671700
MRNA,3/26/2019,19.610001,19.940001,19.24,19.9,19.9,393600
MRNA,3/27/2019,20.08,20.08,18.889999,19.27,19.27,602600
MRNA,3/28/2019,19.299999,19.74,19,19.66,19.66,453600
MRNA,3/29/2019,19.870001,20.799999,19.469999,20.35,20.35,660800
MRNA,4/1/2019,20.540001,20.915001,20.040001,20.59,20.59,547600
MRNA,4/2/2019,20.68,20.68,19.540001,19.700001,19.700001,546400
MRNA,4/3/2019,19.92,21.67,19.809999,21.33,21.33,909300
MRNA,4/4/2019,21.120001,23.18,21.040001,23.08,23.08,1705900
MRNA,4/5/2019,23.799999,26.23,22.665001,25.959999,25.959999,1978100
MRNA,4/8/2019,25.9,29.790001,25.6,27.23,27.23,2673100
MRNA,4/9/2019,27.299999,28.4,26.311001,26.82,26.82,1051500
MRNA,4/10/2019,26.9,27.74,26.5,26.799999,26.799999,639200
MRNA,4/11/2019,26.82,26.99,24.26,25.73,25.73,1030000
MRNA,4/12/2019,26,26.051001,24.27,24.610001,24.610001,708600
MRNA,4/15/2019,24.99,25.940001,24.620001,25.84,25.84,636500
MRNA,4/16/2019,26,26.219999,23.65,23.780001,23.780001,964600
MRNA,4/17/2019,24,24.120001,22.313999,23.5,23.5,918500
MRNA,4/18/2019,23.469999,23.549999,22.43,22.51,22.51,736400
MRNA,4/22/2019,22.700001,23.99,22.511,23.629999,23.629999,494100
MRNA,4/23/2019,23.73,24.983,23.73,24.700001,24.700001,617800
MRNA,4/24/2019,24.799999,25.76,24.290001,25.76,25.76,702200
MRNA,4/25/2019,25.76,26.719999,25.43,25.74,25.74,603300
MRNA,4/26/2019,25.83,27.299999,25.690001,26.26,26.26,593500
MRNA,4/29/2019,26.280001,27.200001,24.971001,25.139999,25.139999,1057800
MRNA,4/30/2019,25.280001,26.030001,25,26.030001,26.030001,620700
MRNA,5/1/2019,26.309999,27.09,25.870001,26.4,26.4,1121500
MRNA,5/2/2019,26.33,28.49,26.190001,28.34,28.34,1079600
MRNA,5/3/2019,28.889999,28.950001,26.85,27.200001,27.200001,837900
MRNA,5/6/2019,26.379999,27.809999,26.25,27.1,27.1,667200
MRNA,5/7/2019,27.18,27.256001,24.16,24.549999,24.549999,1061300
MRNA,5/8/2019,23.700001,26,23.530001,23.540001,23.540001,1023900
MRNA,5/9/2019,23.5,24,22.75,23.26,23.26,523100
MRNA,5/10/2019,23.040001,24.93,22.799999,24.92,24.92,536200
MRNA,5/13/2019,24.459999,24.77,23.225,24.43,24.43,491600
MRNA,5/14/2019,24.5,24.889999,23.57,23.59,23.59,473900
MRNA,5/15/2019,23.459999,23.84,22.809999,23.120001,23.120001,847300
MRNA,5/16/2019,23.5,24.049999,23.15,23.459999,23.459999,536600
MRNA,5/17/2019,23.309999,23.429001,21.68,23.08,23.08,1275200
MRNA,5/20/2019,22.85,23.6,22.549999,22.6,22.6,552700
MRNA,5/21/2019,22.65,23.16,22.43,22.700001,22.700001,475900
MRNA,5/22/2019,22.65,22.768,21.93,22,22,569600
MRNA,5/23/2019,21.75,21.940001,21.01,21.379999,21.379999,739600
MRNA,5/24/2019,21.559999,22,21.41,21.83,21.83,744000
MRNA,5/28/2019,22.299999,22.459999,21.440001,21.540001,21.540001,616000
MRNA,5/29/2019,21.709999,21.898001,21.16,21.700001,21.700001,490700
MRNA,5/30/2019,21.84,21.9,21.049999,21.49,21.49,361300
MRNA,5/31/2019,21.16,21.379999,20.74,20.780001,20.780001,443500
MRNA,6/3/2019,20.790001,20.99,18.82,19.85,19.85,1031600
MRNA,6/4/2019,19.76,20.74,19.23,19.469999,19.469999,1077700
MRNA,6/5/2019,19.200001,19.200001,17.200001,17.700001,17.700001,5046100
MRNA,6/6/2019,17.83,18.921,17.610001,17.940001,17.940001,6066300
MRNA,6/7/2019,17.709999,18.4,17.299999,17.52,17.52,1892800
MRNA,6/10/2019,17.85,17.99,15.67,15.67,15.67,2574700
MRNA,6/11/2019,16.09,16.879999,15.75,16,16,5614200
MRNA,6/12/2019,16.110001,16.360001,15.62,16.299999,16.299999,2042400
MRNA,6/13/2019,16.42,17.59,16.049999,16.16,16.16,1607300
MRNA,6/14/2019,16.25,16.674999,15.32,15.4,15.4,2080000
MRNA,6/17/2019,15.54,15.85,15.28,15.77,15.77,1220400
MRNA,6/18/2019,15.9,16.190001,15.578,15.74,15.74,1120200
MRNA,6/19/2019,15.75,16.302,15.37,15.5,15.5,2831100
MRNA,6/20/2019,15.85,15.935,14.86,15.18,15.18,1605400
MRNA,6/21/2019,15.2,15.32,14.5,14.7,14.7,2115700
MRNA,6/24/2019,14.41,14.691,14.02,14.04,14.04,1327300
MRNA,6/25/2019,14.11,14.25,13.65,13.77,13.77,1935300
MRNA,6/26/2019,13.92,14.18,13.65,13.7,13.7,1112800
MRNA,6/27/2019,13.5,14.405,13.5,14.34,14.34,1724400
MRNA,6/28/2019,14.41,14.64,14.11,14.64,14.64,1657000
MRNA,7/1/2019,14.86,15.08,14.47,14.73,14.73,1134400
MRNA,7/2/2019,14.71,14.71,14,14.4,14.4,1202100
MRNA,7/3/2019,14.5,15.33,14.4,15.31,15.31,954500
MRNA,7/5/2019,15.47,15.47,14.83,14.96,14.96,970600
MRNA,7/8/2019,14.89,14.9,14.14,14.29,14.29,938300
MRNA,7/9/2019,14.31,14.85,14.15,14.85,14.85,739700
MRNA,7/10/2019,14.94,15.22,14.05,14.48,14.48,1770200
MRNA,7/11/2019,14.56,14.7,14.12,14.44,14.44,1135100
MRNA,7/12/2019,14.27,14.48,14.06,14.2,14.2,1084300
MRNA,7/15/2019,14.28,14.46,14,14.32,14.32,727600
MRNA,7/16/2019,14.32,14.475,14,14.14,14.14,1111000
MRNA,7/17/2019,14.17,14.59,14,14.03,14.03,1202300
MRNA,7/18/2019,14.09,14.28,13.9,14.26,14.26,756800
MRNA,7/19/2019,14.29,14.4,14.01,14.11,14.11,1042600
MRNA,7/22/2019,14.22,14.32,13.91,14.05,14.05,1058900
MRNA,7/23/2019,14.06,14.13,13.12,13.6,13.6,2053300
MRNA,7/24/2019,13.75,14.52,13.473,14.47,14.47,1167300
MRNA,7/25/2019,14.51,14.65,13.5,13.51,13.51,895500
MRNA,7/26/2019,13.59,14.18,13.36,14.12,14.12,669000
MRNA,7/29/2019,14.17,14.33,13.56,13.69,13.69,1049600
MRNA,7/30/2019,13.61,13.76,13.29,13.4,13.4,929500
MRNA,7/31/2019,13.42,13.51,13.04,13.1,13.1,1087500
MRNA,8/1/2019,13.2,13.4,12.71,13.01,13.01,1502100
MRNA,8/2/2019,13,13.037,12.4,12.73,12.73,1180300
MRNA,8/5/2019,12.55,12.69,12.2,12.26,12.26,1038200
MRNA,8/6/2019,12.5,12.868,11.9,12.29,12.29,2007700
MRNA,8/7/2019,12.26,14.5,11.54,12.85,12.85,3003000
MRNA,8/8/2019,12.91,13.3,12.3,13.19,13.19,1500900
MRNA,8/9/2019,13.14,13.55,12.97,13.33,13.33,744900
MRNA,8/12/2019,13.42,13.68,12.984,13.02,13.02,780300
MRNA,8/13/2019,13,13.395,12.76,13.3,13.3,559000
MRNA,8/14/2019,13.08,13.22,12.5,12.74,12.74,1362700
MRNA,8/15/2019,12.72,12.95,12.47,12.67,12.67,1162800
MRNA,8/16/2019,12.85,13.24,12.79,13.16,13.16,1105100
MRNA,8/19/2019,13.25,13.5,13.02,13.4,13.4,1914300
MRNA,8/20/2019,13.87,14.65,13.6,14.15,14.15,3366900
MRNA,8/21/2019,14.25,14.41,13.76,14.29,14.29,1416100
MRNA,8/22/2019,14.37,14.43,14.04,14.16,14.16,1022400
MRNA,8/23/2019,14.08,14.36,13.83,13.88,13.88,1501000
MRNA,8/26/2019,14.01,15.38,14,14.97,14.97,3153400
MRNA,8/27/2019,15.17,15.5,14.12,14.51,14.51,2720200
MRNA,8/28/2019,14.51,15.04,14.38,14.82,14.82,1451700
MRNA,8/29/2019,14.91,15.2,14.61,15.18,15.18,1684000
MRNA,8/30/2019,15.3,15.75,15.2,15.73,15.73,1601300
MRNA,9/3/2019,16.1,16.5,14.35,14.88,14.88,2508800
MRNA,9/4/2019,15.11,15.59,14.8,15.42,15.42,1555700
MRNA,9/5/2019,15.65,16.129999,15.02,15.53,15.53,1394500
MRNA,9/6/2019,15.56,16.18,15.14,15.88,15.88,2042500
MRNA,9/9/2019,15.98,16.23,15.36,16.030001,16.030001,2311800
MRNA,9/10/2019,16.059999,17.34,15.97,17.09,17.09,3077200
MRNA,9/11/2019,17.34,17.59,15.89,15.92,15.92,3590700
MRNA,9/12/2019,16.23,18.459999,16.200001,16.4,16.4,8290900
MRNA,9/13/2019,16.450001,17.040001,16.059999,16.709999,16.709999,3162200
MRNA,9/16/2019,16.73,17.309999,16.690001,17.049999,17.049999,3053900
MRNA,9/17/2019,17.459999,17.950001,17.190001,17.66,17.66,5239600
MRNA,9/18/2019,17.77,18,17.35,17.780001,17.780001,5834500
MRNA,9/19/2019,17.709999,18.42,17.617001,17.9,17.9,5866800
MRNA,9/20/2019,18.139999,18.389999,17.75,18.07,18.07,24387400
MRNA,9/23/2019,18.24,18.48,17.559999,17.83,17.83,4847400
MRNA,9/24/2019,17.83,17.99,17.25,17.82,17.82,5213300
MRNA,9/25/2019,17.709999,17.709999,17.1,17.18,17.18,3044600
MRNA,9/26/2019,17.41,17.51,16.145,16.34,16.34,4448900
MRNA,9/27/2019,16.290001,16.540001,15.675,15.9,15.9,2305200
MRNA,9/30/2019,15.79,16.27,15.67,15.92,15.92,1532200
MRNA,10/1/2019,15.87,16.059999,14.8,14.81,14.81,1544900
MRNA,10/2/2019,14.78,15.01,14.42,14.86,14.86,1783300
MRNA,10/3/2019,15.24,15.24,14.41,15.07,15.07,1464200
MRNA,10/4/2019,15.05,15.57,14.89,15.51,15.51,1021400
MRNA,10/7/2019,15.45,15.63,15.07,15.47,15.47,1373900
MRNA,10/8/2019,15.36,15.48,15.01,15.31,15.31,1226200
MRNA,10/9/2019,15.33,15.55,14.18,14.2,14.2,2386100
MRNA,10/10/2019,14.13,14.41,13.87,14.16,14.16,1343300
MRNA,10/11/2019,14.24,14.7,13.99,14.055,14.055,934900
MRNA,10/14/2019,14.19,14.27,13.67,13.93,13.93,954300
MRNA,10/15/2019,13.93,14.45,13.53,14.33,14.33,1153500
MRNA,10/16/2019,14.27,14.32,14.02,14.15,14.15,914100
MRNA,10/17/2019,14.23,14.72,14.15,14.54,14.54,1033900
MRNA,10/18/2019,14.5,14.85,14.07,14.81,14.81,1596400
MRNA,10/21/2019,14.9,15.59,14.66,15.5,15.5,930900
MRNA,10/22/2019,15.56,16.09,15.55,15.92,15.92,588500
MRNA,10/23/2019,16.16,17.01,16.09,16.9,16.9,1512000
MRNA,10/24/2019,16.92,17.030001,16.049999,16.59,16.59,1112100
MRNA,10/25/2019,16.73,17.1,16.43,17.01,17.01,737000
MRNA,10/28/2019,17.01,17.15,16.809,17.030001,17.030001,652400
MRNA,10/29/2019,16.959999,17.155001,16.66,16.99,16.99,751700
MRNA,10/30/2019,16.950001,17.24,16.52,17.139999,17.139999,958700
MRNA,10/31/2019,17.030001,17.15,16.49,16.75,16.75,1007300
MRNA,11/1/2019,16.799999,16.893999,15.52,15.66,15.66,1600600
MRNA,11/4/2019,15.9,16.799999,15.83,16.799999,16.799999,1330000
MRNA,11/5/2019,16.940001,17.719999,16.709999,16.889999,16.889999,1741300
MRNA,11/6/2019,16.83,17.49,16.049999,16.129999,16.129999,1575400
MRNA,11/7/2019,16.33,17.608,16.280001,17.5,17.5,2043600
MRNA,11/8/2019,17.25,17.5,17.110001,17.49,17.49,973600
MRNA,11/11/2019,17.33,17.52,17.200001,17.4,17.4,941900
MRNA,11/12/2019,17.34,18.1,17.302999,17.99,17.99,1978300
MRNA,11/13/2019,18,18.5,17.709999,18.25,18.25,2014800
MRNA,11/14/2019,18.16,18.5,17.91,18.34,18.34,1532500
MRNA,11/15/2019,18.389999,19.43,18.35,19.370001,19.370001,1880000
MRNA,11/18/2019,19.209999,19.450001,18.67,19.450001,19.450001,920600
MRNA,11/19/2019,19.27,19.870001,19.082001,19.360001,19.360001,1144700
MRNA,11/20/2019,19.379999,20.4,19.35,20.18,20.18,2316500
MRNA,11/21/2019,19.98,20.32,19.690001,20.200001,20.200001,1202500
MRNA,11/22/2019,20.07,20.73,19.860001,20.690001,20.690001,1443300
MRNA,11/25/2019,20.9,21,19.950001,20,20,1926900
MRNA,11/26/2019,20.037001,20.65,19.82,20.33,20.33,1549400
MRNA,11/27/2019,20.280001,20.700001,19.99,20.370001,20.370001,1561200
MRNA,11/29/2019,20.6,20.93,20.280001,20.360001,20.360001,1186700
MRNA,12/2/2019,20.299999,20.540001,19.6,19.76,19.76,1184000
MRNA,12/3/2019,19.48,21.370001,19.41,21.280001,21.280001,1795200
MRNA,12/4/2019,21,21.469999,20.933001,21.27,21.27,1980100
MRNA,12/5/2019,21.49,21.5,20.57,20.639999,20.639999,1478100
MRNA,12/6/2019,20.780001,21.040001,18.82,18.940001,18.940001,3537200
MRNA,12/9/2019,19.07,19.299999,18.67,18.780001,18.780001,2814000
MRNA,12/10/2019,18.780001,19.09,18.58,18.870001,18.870001,1619800
MRNA,12/11/2019,19.030001,19.110001,18.530001,18.65,18.65,1233100
MRNA,12/12/2019,18.559999,19.045,18.32,18.450001,18.450001,1313400
MRNA,12/13/2019,18.469999,18.719999,18.32,18.620001,18.620001,1302400
MRNA,12/16/2019,18.6,18.969999,18.219999,18.52,18.52,1785500
MRNA,12/17/2019,18.540001,18.700001,18.309999,18.440001,18.440001,1647800
MRNA,12/18/2019,18.48,19,18.48,18.639999,18.639999,1277700
MRNA,12/19/2019,18.58,19.67,18.5,19.41,19.41,2101700
MRNA,12/20/2019,19.4,20,19.049999,19.83,19.83,10931400
MRNA,12/23/2019,19.790001,19.85,19.34,19.700001,19.700001,1789700
MRNA,12/24/2019,19.690001,19.790001,19.35,19.75,19.75,488900
MRNA,12/26/2019,19.82,20.110001,19.66,19.860001,19.860001,750300
MRNA,12/27/2019,19.99,20,19.25,19.52,19.52,1046900
MRNA,12/30/2019,19.540001,19.940001,18.940001,19.049999,19.049999,1183300
MRNA,12/31/2019,18.959999,19.639999,18.959999,19.559999,19.559999,1112400
MRNA,1/2/2020,19.57,19.809999,18.879999,19.23,19.23,1233600
MRNA,1/3/2020,19.02,19.360001,18.719999,18.889999,18.889999,1751000
MRNA,1/6/2020,18.700001,18.74,18.01,18.129999,18.129999,1606500
MRNA,1/7/2020,18.15,18.32,17.68,17.780001,17.780001,1461400
MRNA,1/8/2020,17.99,18.08,17.76,17.98,17.98,1041600
MRNA,1/9/2020,18,18.549999,17.9,18.4,18.4,1495700
MRNA,1/10/2020,21,21,19.049999,19.139999,19.139999,4504700
MRNA,1/13/2020,19.26,20.360001,18.6,20.26,20.26,2207500
MRNA,1/14/2020,20.450001,20.497999,19.549999,20,20,1782800
MRNA,1/15/2020,19.940001,20.58,19.940001,20.24,20.24,2055000
MRNA,1/16/2020,21.68,21.870001,20.77,21.01,21.01,4918400
MRNA,1/17/2020,21.5,21.5,20.549999,20.620001,20.620001,3348400
MRNA,1/21/2020,20.790001,21.49,20.645,20.940001,20.940001,2089600
MRNA,1/22/2020,22.08,23.200001,21.700001,21.969999,21.969999,10920700
MRNA,1/23/2020,22.17,22.65,21.4,21.469999,21.469999,3663900
MRNA,1/24/2020,21.6,21.879,20.9,21.120001,21.120001,2947800
MRNA,1/27/2020,22.1,23.120001,21.120001,22.74,22.74,10294700
MRNA,1/28/2020,23.5,23.5,21.85,22.360001,22.360001,5649300
MRNA,1/29/2020,22.23,22.34,20.450001,20.549999,20.549999,4671900
MRNA,1/30/2020,21.049999,21.74,20.799999,20.99,20.99,3061800
MRNA,1/31/2020,21.139999,21.32,20.049999,20.51,20.51,2833600
MRNA,2/3/2020,20.66,21.059999,19.700001,20.379999,20.379999,3214600
MRNA,2/4/2020,20.09,20.879999,19.75,20.870001,20.870001,1824400
MRNA,2/5/2020,20.99,21.200001,19.67,20.049999,20.049999,2656800
MRNA,2/6/2020,20.27,20.32,19.700001,19.879999,19.879999,1929700
MRNA,2/7/2020,19.790001,23.389999,19.790001,23.24,23.24,10144200
MRNA,2/10/2020,23.5,23.950001,22.382999,23.65,23.65,9356800
MRNA,2/11/2020,22.09,22.74,21.280001,21.35,21.35,6188300
MRNA,2/12/2020,19.639999,19.67,18.5,19.01,19.01,19231800
MRNA,2/13/2020,19.360001,19.799999,18.889999,19.045,19.045,6837000
MRNA,2/14/2020,19.27,19.290001,18.85,19,19,5384500
MRNA,2/18/2020,19.139999,19.35,18.57,18.91,18.91,4121900
MRNA,2/19/2020,19.09,19.24,18.725,18.92,18.92,3148000
MRNA,2/20/2020,18.860001,19.17,18.42,18.540001,18.540001,4562200
MRNA,2/21/2020,18.469999,18.549999,17.91,18.23,18.23,3651100
MRNA,2/24/2020,19.23,19.280001,18.299999,18.59,18.59,7605400
MRNA,2/25/2020,22.15,26.549999,20.51,23.76,23.76,65001900
MRNA,2/26/2020,29.049999,29.98,27.08,29.16,29.16,76444500
MRNA,2/27/2020,35.880001,36,23.049999,26.16,26.16,68256300
MRNA,2/28/2020,23.379999,25.950001,22.014999,25.93,25.93,24425100
MRNA,3/2/2020,27,30.75,25.209999,29.879999,29.879999,33084000
MRNA,3/3/2020,27.804001,28.6,26.6,27.91,27.91,17599100
MRNA,3/4/2020,27.99,28.719999,26.799999,27.49,27.49,11817700
MRNA,3/5/2020,27.49,28.950001,26.535,28.01,28.01,14670000
MRNA,3/6/2020,27.98,29.799999,27.67,29.610001,29.610001,21097500
MRNA,3/9/2020,30,30,24.16,24.290001,24.290001,14124100
MRNA,3/10/2020,25.709999,25.940001,21.280001,22.34,22.34,13019500
MRNA,3/11/2020,22.540001,25.749001,22.524,23.610001,23.610001,14809600
MRNA,3/12/2020,22.9,24.280001,21.9,22.299999,22.299999,11305300
MRNA,3/13/2020,23,23.469999,19.309999,21.299999,21.299999,11853100
MRNA,3/16/2020,23.76,27.799999,22.219999,26.49,26.49,39850800
MRNA,3/17/2020,29.360001,32.700001,27.315001,28.18,28.18,44484100
MRNA,3/18/2020,27.129999,32.540001,26.549999,31.58,31.58,28702300
MRNA,3/19/2020,32.779999,34.98,25.190001,28.27,28.27,36952800
MRNA,3/20/2020,29.25,30.23,26.200001,28.200001,28.200001,16522400
MRNA,3/23/2020,28.709999,29.809999,26.25,26.57,26.57,11080800
MRNA,3/24/2020,27.09,27.25,24.360001,25.82,25.82,12550500
MRNA,3/25/2020,25,27.98,24.790001,27.129999,27.129999,9651500
MRNA,3/26/2020,27.559999,28.790001,27.559999,27.940001,27.940001,5570800
MRNA,3/27/2020,28.370001,31.09,27.950001,30.049999,30.049999,12408300
MRNA,3/30/2020,30.59,31.690001,28.27,30.48,30.48,10749900
MRNA,3/31/2020,30.6,30.98,29.200001,29.950001,29.950001,6022100
MRNA,4/1/2020,30.049999,30.940001,29.440001,29.67,29.67,7004600
MRNA,4/2/2020,30.6,33.389999,29.84,33.200001,33.200001,15934400
MRNA,4/3/2020,32.810001,35.66,32.720001,34.84,34.84,16896200
MRNA,4/6/2020,34.91,35.185001,33.330002,34.639999,34.639999,10841600
MRNA,4/7/2020,33.810001,34.029999,30.98,32.02,32.02,10104300
MRNA,4/8/2020,32.360001,32.939999,31.75,32.419998,32.419998,4119800
MRNA,4/9/2020,32.549999,32.919998,31.32,31.860001,31.860001,4861800
MRNA,4/13/2020,32,32.98,31.709999,32.900002,32.900002,5603900
MRNA,4/14/2020,34,34.990002,33.150002,34.66,34.66,8126900
MRNA,4/15/2020,34.639999,38.450001,33.720001,37.25,37.25,15683000
MRNA,4/16/2020,38.074001,41.549999,36.619999,40.599998,40.599998,20670700
MRNA,4/17/2020,48.990002,49,43.380001,46.849998,46.849998,32286000
MRNA,4/20/2020,45,54.950001,44.509998,51.689999,51.689999,34102500
MRNA,4/21/2020,53,56.380001,43.110001,49.259998,49.259998,39642000
MRNA,4/22/2020,50.610001,51.82,49.060001,51.200001,51.200001,11690400
MRNA,4/23/2020,49.099998,50.700001,46.889999,47.439999,47.439999,15152400
MRNA,4/24/2020,47.150002,50.5,47.141998,50.5,50.5,11712500
MRNA,4/27/2020,51.529999,51.700001,47.299999,48.049999,48.049999,13744400
MRNA,4/28/2020,50.400002,50.450001,47.169998,47.880001,47.880001,13067200
MRNA,4/29/2020,46.599998,46.950001,45.009998,46.369999,46.369999,11762000
MRNA,4/30/2020,46.779999,48.369999,45.82,45.990002,45.990002,7741900
MRNA,5/1/2020,48.709999,50.450001,46.290001,47.93,47.93,21701300
MRNA,5/4/2020,48.049999,50.5,48,50.5,50.5,10460500
MRNA,5/5/2020,50.48,50.959999,47.23,49.34,49.34,11160200
MRNA,5/6/2020,48.450001,49.25,47.52,48.950001,48.950001,6692300
MRNA,5/7/2020,55.779999,55.990002,51.060001,53.189999,53.189999,30942700
MRNA,5/8/2020,53.060001,59.880001,52.150002,59.25,59.25,24135500
MRNA,5/11/2020,59.599998,67.669998,59.139999,66.900002,66.900002,34852000
MRNA,5/12/2020,65.989998,68.489998,62.02,62.349998,62.349998,25934500
MRNA,5/13/2020,63.799999,66.970001,60.290001,65.18,65.18,22126000
MRNA,5/14/2020,64.790001,65.389999,61.439999,64.559998,64.559998,12198200
MRNA,5/15/2020,63.790001,67.669998,63.009998,66.690002,66.690002,16341900
MRNA,5/18/2020,86.139999,87,75.660004,80,80,81209400
MRNA,5/19/2020,78.07,79.75,70.32,71.669998,71.669998,64932300
MRNA,5/20/2020,70.010002,74.480003,67.410004,73.470001,73.470001,53655300
MRNA,5/21/2020,73.050003,73.160004,65.309998,67.050003,67.050003,35318000
MRNA,5/22/2020,69.93,70.599998,67.139999,69,69,28912700
MRNA,5/26/2020,66.400002,66.589996,57.049999,57.709999,57.709999,40332600
MRNA,5/27/2020,51.200001,53.34,46.130001,52.18,52.18,59514700
MRNA,5/28/2020,53.5,59.110001,53.349998,55.540001,55.540001,32258900
MRNA,5/29/2020,57.450001,61.650002,56.560001,61.5,61.5,38224900
MRNA,6/1/2020,62.759998,63.900002,60.509998,62.18,62.18,21257500
MRNA,6/2/2020,58.700001,59.950001,55.355,59.869999,59.869999,21701100
MRNA,6/3/2020,57.509998,63.369999,57.099998,59.889999,59.889999,20811500
MRNA,6/4/2020,61.610001,61.93,58.52,60.59,60.59,13504000
MRNA,6/5/2020,58.490002,59.189999,56.630001,58.189999,58.189999,14677900
MRNA,6/8/2020,58.299999,59.380001,56.720001,59.099998,59.099998,11249300
MRNA,6/9/2020,58.549999,59.404999,57.73,58.23,58.23,7600200
MRNA,6/10/2020,58.799999,60.720001,58.599998,60.07,60.07,11074400
MRNA,6/11/2020,62.950001,66.686996,58.77,60.200001,60.200001,32085200
MRNA,6/12/2020,62.355,63.630001,60.290001,62,62,14710700
MRNA,6/15/2020,65.900002,66.980003,63.424,66.57,66.57,19339300
MRNA,6/16/2020,66.309998,66.599998,62.599998,64.339996,64.339996,16537800
MRNA,6/17/2020,63.599998,65.879997,62.580002,63.310001,63.310001,13589700
MRNA,6/18/2020,63.029999,65.400002,62.580002,64.949997,64.949997,10914400
MRNA,6/19/2020,64.989998,66.449997,64.010002,66.349998,66.349998,16076700
MRNA,6/22/2020,65.919998,66.290001,62.119999,64.75,64.75,13586400
MRNA,6/23/2020,64.099998,65.080002,62.740002,62.939999,62.939999,12361300
MRNA,6/24/2020,63.23,66.155998,63.139999,64.839996,64.839996,14377100
MRNA,6/25/2020,67,67,58.509998,62,62,26905700
MRNA,6/26/2020,60.709999,62.290001,59.139999,61.279999,61.279999,13866300
MRNA,6/29/2020,61.82,63,59.400002,62.080002,62.080002,8074200
MRNA,6/30/2020,62.18,65.158997,61.799999,64.209999,64.209999,11955200
MRNA,7/1/2020,63,63.73,59.119999,61.59,61.59,17916500
MRNA,7/2/2020,60,61.799999,55.810001,58.57,58.57,26544400
MRNA,7/6/2020,58.549999,60.73,57.099998,59.150002,59.150002,9977300
MRNA,7/7/2020,58.799999,61.5,57.439999,61.09,61.09,8886800
MRNA,7/8/2020,60.790001,62.459999,59.450001,61.580002,61.580002,7590900
MRNA,7/9/2020,62.09,65.349998,58.880001,64.959999,64.959999,20646100
MRNA,7/10/2020,64.650002,64.93,62.32,62.610001,62.610001,7407500
MRNA,7/13/2020,63.889999,77.75,63.799999,71.779999,71.779999,56617300
MRNA,7/14/2020,74,76.948997,70.620003,75.040001,75.040001,38708800
MRNA,7/15/2020,87.519997,88.370003,78.010002,80.220001,80.220001,90756100
MRNA,7/16/2020,80.160004,84.290001,79.599998,81.809998,81.809998,27277400
MRNA,7/17/2020,83.349998,95.209999,82.610001,94.849998,94.849998,103509200
MRNA,7/20/2020,87.860001,90.849998,78.050003,82.68,82.68,78391300
MRNA,7/21/2020,80.910004,82.43,79.07,80.860001,80.860001,26185600
MRNA,7/22/2020,79.610001,84.120003,79.110001,83.224998,83.224998,27274000
MRNA,7/23/2020,82.050003,82.68,72.199997,75.330002,75.330002,29288100
MRNA,7/24/2020,69.050003,73.900002,66.540001,73.209999,73.209999,27797500
MRNA,7/27/2020,80.629997,80.980003,76.160004,79.910004,79.910004,44710700
MRNA,7/28/2020,81,83.849998,79.5,81.489998,81.489998,32946900
MRNA,7/29/2020,81.980003,82.82,76.550003,79.510002,79.510002,24453900
MRNA,7/30/2020,78,79.25,76.800003,77.629997,77.629997,13102000
MRNA,7/31/2020,78.199997,78.440002,73.603996,74.099998,74.099998,14223400
MRNA,8/3/2020,74.980003,77.989998,73.029999,77.980003,77.980003,13382300
MRNA,8/4/2020,78.192001,78.620003,75.5,78.459999,78.459999,10126500
MRNA,8/5/2020,77.489998,77.489998,73.690002,75.800003,75.800003,19859900
MRNA,8/6/2020,75.790001,76.25,73.120003,73.760002,73.760002,11691500
MRNA,8/7/2020,74.379997,75.389999,73.010002,74.099998,74.099998,8771400
MRNA,8/10/2020,74.269997,75,71.410004,72.010002,72.010002,8678300
MRNA,8/11/2020,69.519997,71.400002,67,68.970001,68.970001,18118700
MRNA,8/12/2020,75.669998,75.75,68.300003,69.519997,69.519997,50471500
MRNA,8/13/2020,69.089996,69.18,67.050003,67.830002,67.830002,15055900
MRNA,8/14/2020,68.059998,70.360001,67.860001,69.150002,69.150002,12799600
MRNA,8/17/2020,69.139999,70.779999,68.379997,69.760002,69.760002,8749100
MRNA,8/18/2020,68.279999,69.699997,65.230003,67.029999,67.029999,11329200
MRNA,8/19/2020,66.739998,69.169998,66.599998,68,68,8558800
MRNA,8/20/2020,67.790001,68,66.629997,67.809998,67.809998,6346700
MRNA,8/21/2020,67.5,68.019997,65.599998,66.449997,66.449997,6935600
MRNA,8/24/2020,67.150002,67.849998,62.880001,64.879997,64.879997,13143200
MRNA,8/25/2020,64.32,66.695999,63.549999,66.25,66.25,7798500
MRNA,8/26/2020,67.620003,71.639999,66.029999,70.5,70.5,28768100
MRNA,8/27/2020,69.980003,70.32,67.010002,68.029999,68.029999,9262600
MRNA,8/28/2020,68.040001,68.949997,67.150002,67.489998,67.489998,6383700
MRNA,8/31/2020,67.139999,67.199997,62.540001,64.889999,64.889999,15271800
MRNA,9/1/2020,63.540001,64.5,62.5,63.32,63.32,8200700
MRNA,9/2/2020,62.84,64.889999,61.381001,64.720001,64.720001,9874600
MRNA,9/3/2020,65.650002,69.349998,64.300003,64.839996,64.839996,14307300
MRNA,9/4/2020,64.989998,65,59.009998,62.599998,62.599998,11653300
MRNA,9/8/2020,57.75,58.599998,54.209999,54.34,54.34,17706200
MRNA,9/9/2020,56.029999,57.189999,54.509998,56.900002,56.900002,9355400
MRNA,9/10/2020,57.041,60.32,56.869999,57.560001,57.560001,7985300
MRNA,9/11/2020,58.490002,59.509998,57.450001,59.34,59.34,4821900
MRNA,9/14/2020,60.150002,63.849998,60.115002,63.669998,63.669998,8930800
MRNA,9/15/2020,65.027,68.410004,64.228996,66.879997,66.879997,9101200
MRNA,9/16/2020,67.639999,70.040001,66.730003,68.839996,68.839996,11345200
MRNA,9/17/2020,68.5,70.900002,64.599998,67.889999,67.889999,13275200
MRNA,9/18/2020,68.279999,70,66.099998,69.870003,69.870003,13206200
MRNA,9/21/2020,68.599998,69.480003,65.459999,69.260002,69.260002,8223000
MRNA,9/22/2020,67.5,69.190002,66.669998,68.720001,68.720001,6303600
MRNA,9/23/2020,67.864998,68.620003,65.769997,67.160004,67.160004,6919400
MRNA,9/24/2020,65.5,66.769997,63.639999,65.169998,65.169998,5565200
MRNA,9/25/2020,65.887001,69.730003,65.669998,69.470001,69.470001,9190600
MRNA,9/28/2020,69.589996,71.5,69.099998,70.550003,70.550003,7337400
MRNA,9/29/2020,70.459999,71.339996,69.584999,70.519997,70.519997,6027600
MRNA,9/30/2020,72.510002,75.389999,70.160004,70.75,70.75,15640800
MRNA,10/1/2020,69.57,70.199997,68.160004,70.029999,70.029999,6839000
MRNA,10/2/2020,67.900002,72.769997,67.25,68.809998,68.809998,8004900
MRNA,10/5/2020,69.639999,72.019997,69.050003,71.949997,71.949997,6518100
MRNA,10/6/2020,72,73.919998,70.309998,71.040001,71.040001,7285500
MRNA,10/7/2020,71.230003,73.239998,70.959,72.370003,72.370003,4190600
MRNA,10/8/2020,73.5,73.760002,72.010002,72.93,72.93,4023800
MRNA,10/9/2020,73.419998,73.669998,72.389999,73,73,4774000
MRNA,10/12/2020,73.610001,75.850998,72.919998,75.309998,75.309998,7590800
MRNA,10/13/2020,75.93,81.370003,75.519997,78.290001,78.290001,13669200
MRNA,10/14/2020,80.010002,80.010002,76.324997,76.559998,76.559998,6643800
MRNA,10/15/2020,75.480003,76.489998,73.709999,75.580002,75.580002,5009100
MRNA,10/16/2020,76.059998,76.93,73.665001,73.940002,73.940002,4693600
MRNA,10/19/2020,73.970001,74.089996,70.5,70.959999,70.959999,6931300
MRNA,10/20/2020,72.07,73.099998,70.650002,71.309998,71.309998,5441300
MRNA,10/21/2020,71.57,71.578003,68.059998,68.370003,68.370003,4614800
MRNA,10/22/2020,68.503998,72.529999,68.400002,70.839996,70.839996,5212100
MRNA,10/23/2020,72.300003,72.400002,68.800003,70.529999,70.529999,3735100
MRNA,10/26/2020,70.360001,71.32,68.699997,70.239998,70.239998,3872800
MRNA,10/27/2020,70.449997,71.349998,68.809998,70.669998,70.669998,3812900
MRNA,10/28/2020,68.949997,69.470001,65.489998,65.739998,65.739998,6044000
MRNA,10/29/2020,68.349998,74.539001,66.230003,71.279999,71.279999,13776400
MRNA,10/30/2020,70.800003,71.489998,66.849998,67.470001,67.470001,7070500
MRNA,11/2/2020,68.019997,68.599998,66.550003,67.110001,67.110001,4650300
MRNA,11/3/2020,66.75,69.25,66.589996,69.080002,69.080002,4366900
MRNA,11/4/2020,68.970001,71.550003,68.918999,69.809998,69.809998,5442100
MRNA,11/5/2020,71.089996,71.589996,70.160004,71.480003,71.480003,4449900
MRNA,11/6/2020,71.419998,74.160004,70.870003,72.449997,72.449997,5841000
MRNA,11/9/2020,77.75,80.25,75.419998,77.739998,77.739998,20266800
MRNA,11/10/2020,80,80.379997,73.519997,76.050003,76.050003,10499400
MRNA,11/11/2020,77.050003,83.980003,76.129997,82.440002,82.440002,18576500
MRNA,11/12/2020,85.18,87.93,83.830002,87.809998,87.809998,21700100
MRNA,11/13/2020,86.620003,90.529999,85.220001,89.389999,89.389999,14121100
MRNA,11/16/2020,100.309998,103.199997,93.300003,97.949997,97.949997,70853100
MRNA,11/17/2020,97.230003,97.800003,91.599998,93.150002,93.150002,26172000
MRNA,11/18/2020,93.870003,94,88.610001,88.889999,88.889999,21823500
MRNA,11/19/2020,90,94.650002,89.511002,92.769997,92.769997,16002000
MRNA,11/20/2020,95,98.43,94.82,97.610001,97.610001,15239000
MRNA,11/23/2020,100.769997,101.769997,98.620003,101.029999,101.029999,16359600
MRNA,11/24/2020,98.400002,99.889999,93.540001,98.559998,98.559998,12515300
MRNA,11/25/2020,99.029999,109.290001,98.650002,109.18,109.18,25850700
MRNA,11/27/2020,115.120003,130.059998,114.860001,127.029999,127.029999,43438500
MRNA,11/30/2020,144,153.869995,141.050003,152.740005,152.740005,73203100
MRNA,12/1/2020,177.660004,178.5,130.330002,141.009995,141.009995,125552300
MRNA,12/2/2020,138.630005,149.800003,128.100006,143,143,51217300
MRNA,12/3/2020,143.5,159.110001,143.009995,157.259995,157.259995,38656500
MRNA,12/4/2020,157.589996,157.820007,148.509995,152.520004,152.520004,27704800
MRNA,12/7/2020,155.029999,163.979996,152.970001,159.520004,159.520004,31409800
MRNA,12/8/2020,165.75,170.509995,164.300003,169.860001,169.860001,27738700
MRNA,12/9/2020,170.199997,170.800003,147.199997,156.589996,156.589996,40951700
MRNA,12/10/2020,151.130005,159.5,148.009995,155.690002,155.690002,22060000
MRNA,12/11/2020,159.699997,163.75,155.889999,156.929993,156.929993,22069900
MRNA,12/14/2020,163.399994,163.761002,152.561005,155.070007,155.070007,22467700
MRNA,12/15/2020,157,157.279999,142.460007,147.220001,147.220001,36451300
MRNA,12/16/2020,137.75,141.334,134.309998,137.029999,137.029999,28476300
MRNA,12/17/2020,137.919998,146.970001,137.300003,144,144,32404500
MRNA,12/18/2020,141.509995,145,135.059998,140.229996,140.229996,33157800
MRNA,12/21/2020,140.839996,147.259995,137.789993,138.300003,138.300003,23921000
MRNA,12/22/2020,139,141.399994,123,125.879997,125.879997,36035800
MRNA,12/23/2020,120.050003,132,115,130.339996,130.339996,41905000
MRNA,12/24/2020,125.940002,129.699997,122.720001,123.389999,123.389999,12720600
MRNA,12/28/2020,120.040001,122.879997,111.050003,111.400002,111.400002,31088200
MRNA,12/29/2020,107.795998,116.25,106.879997,114.389999,114.389999,23718800
MRNA,12/30/2020,118.400002,118.941002,108.800003,111.129997,111.129997,23965500
MRNA,12/31/2020,110.550003,113.550003,102.660004,104.470001,104.470001,23299400
MRNA,1/4/2021,107.230003,113.629997,103.260002,111.730003,111.730003,22439600
MRNA,1/5/2021,113.82,114.980003,107.199997,109.18,109.18,15450800
MRNA,1/6/2021,111.110001,116.93,110.279999,116.260002,116.260002,21548100
